ALL,FUSION
1101,1101
1102,1102
1103,1102
1104,1104
1105,1104
1106,1106
1107,1106
1109,1109
1108,1109
1111,1111
1112,1112
1114,1114
1113,1114
1115,1115
1116,1115
1117,1117
1118,1118
1124,1118
1119,1119
1122,1122
1123,1123
1125,1123
1126,1126
1121,1126
1128,1128
1127,1128
1129,1129
1131,1129
1132,1132
1134,1134
1135,1135
1133,1135
1136,1136
1141,1141
1142,1141
1144,1144
1143,1144
1146,1146
1147,1146
1148,1148
1149,1149
1145,1149
1153,1153
1152,1153
7001,7001
7002,7002
7003,7003
7004,7003
7005,7005
7006,7006
7007,7007
7008,7007
7011,7011
7009,7011
7012,7012
7013,7013
7014,7013
7015,7015
7016,7016
7019,7016
7018,7018
7026,7018
7021,7021
7027,7021
7022,7022
7023,7023
7017,7023
7024,7024
7025,7025
7028,7028
7033,7028
7029,7029
7030,7030
7031,7030
7032,7032
7034,7034
7035,7035
7037,7037
7038,7038
7039,7039
7041,7041
7043,7043
7045,7045
7046,7046
7042,7046
7047,7047
7048,7048
7036,7048
7049,7049
7051,7049
7052,7052
7053,7052
7054,7054
7044,7054
7101,7101
7201,7201
7202,7202
7203,7203
7205,7205
7204,7205
7206,7206
7207,7207
7208,7208
7209,7208
7301,7301
7304,7301
7302,7302
7303,7303
7306,7303
7305,7305
7307,7305
7308,7308
7309,7309
7312,7312
7313,7313
7314,7313
7315,7315
7316,7315
7317,7317
7318,7318
7311,7318
7319,7319
7324,7319
7321,7321
7322,7322
7323,7323
7325,7325
7326,7326
7329,7329
7328,7329
7331,7331
7332,7332
7334,7332
7333,7333
7336,7336
7345,7336
7337,7337
7338,7338
7327,7338
7339,7339
7341,7339
7342,7342
7335,7342
7343,7343
7344,7343
7346,7346
7347,7346
7348,7348
7349,7349
7501,7501
7504,7501
7503,7503
7502,7503
7505,7505
7507,7507
7506,7507
7508,7508
7509,7509
7511,7509
7513,7513
7512,7513
7515,7515
7514,7515
7516,7516
7518,7518
7517,7518
7521,7521
7519,7521
7523,7523
7522,7523
7524,7524
7525,7525
7526,7525
7527,7527
7528,7527
7529,7529
7531,7529
7532,7532
7545,7532
7533,7533
7534,7533
7536,7536
7537,7536
7539,7539
7538,7539
7542,7542
7541,7542
7543,7543
7544,7543
7546,7546
7547,7546
7548,7548
7535,7548
7552,7552
7553,7553
7554,7554
7549,7554
7555,7555
7551,7555
7556,7556
7557,7556
7601,7601
7604,7604
7603,7604
7605,7605
7611,7605
7607,7607
7602,7607
7608,7608
7609,7608
7612,7612
7606,7612
7613,7613
7614,7613
7615,7615
7617,7615
7616,7616
7618,7618
7619,7619
7621,7621
7622,7622
7624,7622
7623,7623
7629,7623
7625,7625
7626,7626
7627,7627
7628,7628
7632,7632
7633,7633
7631,7633
7634,7634
7636,7636
7635,7636
7637,7637
7638,7638
7641,7641
7639,7641
7642,7642
7643,7643
7644,7644
7645,7645
7646,7646
7647,7647
7648,7648
7701,7701
7703,7703
7704,7704
7702,7704
7705,7705
7706,7706
7707,7707
7708,7708
7709,7709
7711,7709
7712,7712
7801,7801
7802,7802
7804,7804
7806,7806
7805,7806
7808,7808
7807,7808
7809,7809
7812,7812
7811,7812
7814,7814
7813,7814
7815,7815
7816,7816
7803,7816
7818,7818
7817,7818
7819,7819
7822,7822
7821,7822
7823,7823
7824,7824
7825,7824
7827,7827
7826,7827
7828,7828
7831,7831
7832,7832
7833,7833
7834,7834
7843,7834
7835,7835
7836,7836
7837,7837
7829,7837
7838,7838
7839,7839
7841,7841
7848,7841
7842,7842
7849,7842
7844,7844
7858,7844
7845,7845
7847,7847
7846,7847
7852,7852
7851,7852
7855,7855
7854,7855
7856,7856
7857,7856
7859,7859
7853,7859
7861,7861
7862,7861
7863,7863
7864,7864
7869,7864
7865,7865
7873,7865
7866,7866
7867,7867
7868,7867
7871,7871
7872,7872
7874,7874
7875,7875
7902,7902
7901,7902
7903,7903
7904,7904
7905,7905
7906,7906
7907,7907
7908,7907
7909,7909
7911,7909
7912,7912
7913,7913
7915,7915
7914,7915
7916,7916
7917,7917
7918,7917
7919,7919
7922,7922
7921,7922
7924,7924
7923,7924
7925,7925
7926,7926
7927,7927
7928,7927
7931,7931
7932,7932
7933,7933
7934,7934
7935,7935
7929,7935
7936,7936
7937,7937
7939,7939
7941,7939
7942,7942
7943,7943
7944,7944
7938,7944
7945,7945
7946,7946
7948,7946
7947,7947
7952,7952
7951,7952
7953,7953
7949,7953
7955,7955
7956,7956
7957,7957
7958,7958
9001,9001
9101,9101
9102,9102
9103,9103
9104,9103
9107,9107
9105,9107
9108,9108
9111,9108
9109,9109
9106,9109
9113,9113
9114,9114
9112,9114
9116,9116
9115,9116
9117,9117
9118,9117
9121,9121
9119,9121
9122,9122
9139,9122
9123,9123
9124,9123
9125,9125
9126,9126
9144,9126
9127,9127
9128,9128
9129,9128
9131,9131
9132,9131
9133,9133
9134,9134
9135,9135
9136,9136
9137,9137
9138,9137
9141,9141
9142,9142
9143,9142
9146,9146
9145,9146
9148,9148
9147,9148
9151,9151
9152,9152
9149,9152
9201,9201
9202,9202
9205,9205
9213,9205
9206,9206
9203,9206
9208,9208
9209,9209
9204,9209
9211,9211
9207,9211
9212,9212
9214,9214
9215,9215
9219,9219
9218,9219
9221,9221
9222,9222
9216,9222
9223,9223
9217,9223
9224,9224
9225,9225
9226,9225
9227,9227
9228,9227
9229,9229
9231,9231
9232,9232
9233,9232
9234,9234
9235,9234
9238,9238
9246,9238
9239,9239
9241,9241
9242,9242
9248,9242
9243,9243
9236,9243
9244,9244
9237,9244
9245,9245
9247,9245
9251,9251
9249,9251
9252,9252
9253,9253
9255,9255
9256,9256
9254,9256
9257,9257
9258,9258
9401,9401
9411,9401
9402,9402
9403,9402
9404,9404
9405,9405
9406,9406
9407,9407
9408,9408
9409,9409
9413,9413
9416,9416
9412,9416
9418,9418
9417,9418
9419,9419
9414,9419
9421,9421
9415,9421
9422,9422
9428,9422
9423,9423
9434,9423
9424,9424
9425,9424
9426,9426
9427,9427
9429,9429
9431,9429
9432,9432
9433,9433
9436,9436
9437,9437
9445,9437
9439,9439
9438,9439
9442,9442
9435,9442
9443,9443
9441,9443
9447,9447
9448,9447
9449,9449
9444,9449
9451,9451
9452,9452
9446,9452
9453,9453
9501,9501
9502,9502
9503,9503
9504,9503
9505,9505
9506,9505
9507,9507
9509,9507
9511,9511
9512,9512
9513,9513
9508,9513
9516,9516
9515,9516
9518,9518
9517,9518
9521,9521
9519,9521
9522,9522
9514,9522
9702,9702
9701,9702
9703,9703
9704,9704
9705,9704
9706,9706
9708,9708
9707,9708
9711,9711
9712,9712
9713,9713
9709,9713
9714,9714
9715,9715
9716,9716
9717,9716
9718,9718
9721,9721
9719,9721
9722,9722
9723,9723
9725,9725
9724,9725
9726,9726
9727,9727
9742,9727
9728,9728
9748,9728
9729,9729
9734,9729
9731,9731
9735,9731
9732,9732
9733,9733
9737,9737
9736,9737
9738,9738
9741,9741
9744,9744
9739,9744
9745,9745
9743,9745
9746,9746
9747,9747
9749,9749
9751,9751
9752,9752
9753,9752
9755,9755
9754,9755
9756,9756
9801,9801